{"cameraMode":{"drawMode":0,"name":"Shaded","section":"Shading Mode"},"sceneLighting":true,"audioPlay":false,"sceneViewState":{"showFog":true,"showMaterialUpdate":true,"showSkybox":true,"showFlares":true,"showImageEffects":true,"showParticleSystems":true},"in2DMode":false,"pivot":{"x":112.2309341430664,"y":92.37931823730469,"z":53.59415817260742},"rotation":{"x":0.04078665003180504,"y":-0.022472232580184938,"z":0.0009631387074477971,"w":0.9989766478538513},"size":10.0,"orthographic":false}