{"cameraMode":{"drawMode":0,"name":"Shaded","section":"Shading Mode"},"sceneLighting":false,"audioPlay":false,"sceneViewState":{"showFog":true,"showMaterialUpdate":true,"showSkybox":false,"showFlares":true,"showImageEffects":true,"showParticleSystems":true},"in2DMode":false,"pivot":{"x":-94.7755355834961,"y":46.16440200805664,"z":-73.65205383300781},"rotation":{"x":-0.0451020672917366,"y":-0.09186267107725144,"z":0.004165401216596365,"w":-0.9947466254234314},"size":31.191343307495118,"orthographic":false}