{"cameraMode":{"drawMode":0,"name":"Shaded","section":"Shading Mode"},"sceneLighting":true,"audioPlay":false,"sceneViewState":{"showFog":true,"showMaterialUpdate":true,"showSkybox":true,"showFlares":true,"showImageEffects":true,"showParticleSystems":true},"in2DMode":false,"pivot":{"x":111.46488952636719,"y":-3.4351963996887209,"z":256.6579284667969},"rotation":{"x":0.09955776482820511,"y":-0.145729199051857,"z":0.01473921351134777,"w":0.9842618107795715},"size":55.204811096191409,"orthographic":false}