{"cameraMode":{"drawMode":0,"name":"Shaded","section":"Shading Mode"},"sceneLighting":false,"audioPlay":false,"sceneViewState":{"showFog":true,"showMaterialUpdate":true,"showSkybox":true,"showFlares":true,"showImageEffects":true,"showParticleSystems":true},"in2DMode":false,"pivot":{"x":242.98094177246095,"y":112.83235931396485,"z":103.63622283935547},"rotation":{"x":0.16267167031764985,"y":-0.2671799063682556,"z":0.04581447318196297,"w":0.9487631320953369},"size":1.2247449159622193,"orthographic":false}