{"cameraMode":{"drawMode":0,"name":"Shaded","section":"Shading Mode"},"sceneLighting":true,"audioPlay":false,"sceneViewState":{"showFog":true,"showMaterialUpdate":true,"showSkybox":true,"showFlares":true,"showImageEffects":true,"showParticleSystems":true},"in2DMode":false,"pivot":{"x":415.45263671875,"y":-278.8518981933594,"z":795.66796875},"rotation":{"x":-0.3123810291290283,"y":-0.13953128457069398,"z":0.0464315190911293,"w":-0.9385244846343994},"size":556.6187133789063,"orthographic":false}