{"cameraMode":{"drawMode":0,"name":"Shaded","section":"Shading Mode"},"sceneLighting":true,"audioPlay":false,"sceneViewState":{"showFog":true,"showMaterialUpdate":true,"showSkybox":true,"showFlares":true,"showImageEffects":true,"showParticleSystems":true},"in2DMode":false,"pivot":{"x":-49.83747100830078,"y":102.7755355834961,"z":201.12168884277345},"rotation":{"x":-0.02582937851548195,"y":-0.969910740852356,"z":0.11873191595077515,"w":-0.21100109815597535},"size":10.386079788208008,"orthographic":false}